image,gender_status
n_00000.jpg,3
n_00004.jpg,1
n_00009.jpg,4
n_00026.jpg,3
n_00030.jpg,3
n_00032.jpg,4
n_00034.jpg,1
n_00038.jpg,4
n_00056.jpg,0
n_00059.jpg,0
n_00060.jpg,4
n_00070.jpg,4
n_00075.jpg,1
n_00079.jpg,1
n_00091.jpg,1
n_00094.jpg,0
n_00102.jpg,0
n_00116.jpg,2
n_00128.jpg,1
n_00130.jpg,4
n_00141.jpg,4
n_00146.jpg,0
n_00159.jpg,1
n_00165.jpg,0
n_00171.jpg,2
n_00172.jpg,4
n_00173.jpg,4
n_00177.jpg,1
n_00184.jpg,0
n_00198.jpg,1
n_00201.jpg,1
n_00208.jpg,0
n_00211.jpg,2
n_00216.jpg,1
n_00227.jpg,1
n_00232.jpg,2
n_00240.jpg,0
n_00241.jpg,0
n_00243.jpg,0
n_00245.jpg,4
n_00264.jpg,2
n_00265.jpg,0
n_00271.jpg,1
n_00273.jpg,0
n_00277.jpg,1
n_00278.jpg,0
n_00284.jpg,1
n_00285.jpg,7
n_00290.jpg,0
n_00294.jpg,2
n_00308.jpg,1
n_00311.jpg,0
n_00313.jpg,4
n_00318.jpg,3
n_00328.jpg,4
n_00331.jpg,1
n_00335.jpg,0
n_00336.jpg,0
n_00337.jpg,0
n_00341.jpg,1
n_00345.jpg,1
n_00348.jpg,3
n_00349.jpg,4
n_00354.jpg,1
n_00355.jpg,1
n_00356.jpg,1
n_00360.jpg,0
n_00363.jpg,0
n_00366.jpg,4
n_00367.jpg,0
n_00368.jpg,1
n_00370.jpg,1
n_00373.jpg,0
n_00375.jpg,0
n_00379.jpg,4
n_00381.jpg,4
n_00382.jpg,1
n_00391.jpg,1
n_00393.jpg,1
n_00407.jpg,0
n_00414.jpg,7
n_00417.jpg,6
n_00428.jpg,0
n_00433.jpg,0
n_00445.jpg,0
n_00447.jpg,1
n_00449.jpg,4
n_00453.jpg,0
n_00460.jpg,0
n_00463.jpg,3
n_00474.jpg,1
n_00475.jpg,1
n_00496.jpg,4
n_00505.jpg,0
n_00508.jpg,2
n_00512.jpg,1
n_00523.jpg,0
n_00525.jpg,1
n_00531.jpg,0
n_00535.jpg,0
n_00539.jpg,4
n_00545.jpg,1
n_00546.jpg,1
n_00549.jpg,4
n_00556.jpg,0
n_00557.jpg,0
n_00563.jpg,1
n_00572.jpg,1
n_00577.jpg,0
n_00591.jpg,0
n_00592.jpg,1
n_00616.jpg,1
n_00625.jpg,4
n_00632.jpg,3
n_00634.jpg,4
n_00646.jpg,2
n_00647.jpg,6
n_00650.jpg,4
n_00654.jpg,1
n_00655.jpg,4
n_00657.jpg,0
n_00661.jpg,1
n_00665.jpg,0
n_00668.jpg,1
n_00674.jpg,4
n_00684.jpg,1
n_00685.jpg,4
n_00693.jpg,4
n_00696.jpg,1
n_00699.jpg,4
n_00709.jpg,0
n_00712.jpg,0
n_00718.jpg,2
n_00724.jpg,1
n_00729.jpg,0
n_00730.jpg,0
n_00734.jpg,2
n_00738.jpg,0
n_00739.jpg,0
n_00741.jpg,0
n_00745.jpg,0
n_00749.jpg,4
n_00753.jpg,0
n_00755.jpg,1
n_00758.jpg,3
n_00762.jpg,4
n_00763.jpg,1
n_00776.jpg,1
n_00777.jpg,4
n_00779.jpg,4
n_00787.jpg,0
n_00788.jpg,0
n_00791.jpg,1
n_00794.jpg,4
n_00795.jpg,1
n_00802.jpg,1
n_00814.jpg,1
n_00825.jpg,1
n_00826.jpg,1
n_00830.jpg,3
n_00832.jpg,1
n_00836.jpg,1
n_00840.jpg,0
n_00848.jpg,1
n_00850.jpg,3
n_00859.jpg,2
n_00876.jpg,0
n_00888.jpg,1
n_00889.jpg,1
n_00896.jpg,1
n_00897.jpg,4
n_00901.jpg,1
n_00903.jpg,1
n_00904.jpg,0
n_00911.jpg,2
n_00916.jpg,1
n_00928.jpg,1
n_00933.jpg,1
n_00934.jpg,0
n_00939.jpg,4
n_00941.jpg,3
n_00944.jpg,1
n_00948.jpg,1
n_00955.jpg,1
n_00963.jpg,4
n_00964.jpg,1
n_00979.jpg,1
n_00983.jpg,0
n_00988.jpg,3
n_00989.jpg,0
n_00991.jpg,3
n_01004.jpg,1
n_01009.jpg,0
n_01019.jpg,4
n_01022.jpg,1
n_01034.jpg,0
n_01045.jpg,0
n_01050.jpg,4
n_01052.jpg,1
n_01056.jpg,4
n_01057.jpg,0
n_01067.jpg,0
n_01070.jpg,4
n_01071.jpg,0
n_01082.jpg,1
n_01083.jpg,2
n_01086.jpg,4
n_01087.jpg,1
n_01094.jpg,4
n_01096.jpg,0
n_01097.jpg,0
n_01101.jpg,4
n_01109.jpg,1
n_01123.jpg,3
n_01130.jpg,4
n_01132.jpg,4
n_01155.jpg,0
n_01158.jpg,1
n_01160.jpg,1
n_01161.jpg,0
n_01163.jpg,4
n_01170.jpg,1
n_01175.jpg,2
n_01182.jpg,1
n_01184.jpg,3
n_01186.jpg,1
n_01189.jpg,4
n_01193.jpg,1
n_01194.jpg,1
n_01195.jpg,1
n_01197.jpg,1
n_01204.jpg,1
n_01206.jpg,4
n_01208.jpg,4
n_01210.jpg,0
n_01211.jpg,3
n_01214.jpg,0
n_01215.jpg,4
n_01217.jpg,4
n_01226.jpg,3
n_01235.jpg,4
n_01237.jpg,3
n_01240.jpg,2
n_01243.jpg,0
n_01254.jpg,4
n_01267.jpg,1
n_01272.jpg,4
n_01273.jpg,1
n_01277.jpg,3
n_01278.jpg,2
n_01295.jpg,0
n_01311.jpg,0
n_01322.jpg,2
n_01324.jpg,2
n_01329.jpg,1
n_01332.jpg,1
n_01336.jpg,4
n_01337.jpg,2
n_01338.jpg,0
n_01339.jpg,4
n_01341.jpg,4
n_01342.jpg,3
n_01345.jpg,2
n_01350.jpg,1
n_01355.jpg,3
n_01366.jpg,1
n_01367.jpg,1
n_01369.jpg,0
n_01374.jpg,1
n_01381.jpg,1
n_01383.jpg,4
n_01401.jpg,2
n_01405.jpg,0
n_01406.jpg,0
n_01412.jpg,0
n_01424.jpg,1
n_01426.jpg,4
n_01428.jpg,6
n_01430.jpg,3
n_01439.jpg,1
n_01441.jpg,2
n_01444.jpg,1
n_01451.jpg,4
n_01457.jpg,0
n_01459.jpg,1
n_01478.jpg,2
n_01480.jpg,2
n_01483.jpg,1
n_01485.jpg,1
n_01492.jpg,4
n_01495.jpg,2
n_01496.jpg,0
n_01505.jpg,3
n_01508.jpg,1
n_01509.jpg,0
n_01521.jpg,0
n_01522.jpg,1
n_01523.jpg,2
n_01543.jpg,1
n_01544.jpg,3
n_01562.jpg,2
n_01572.jpg,1
n_01576.jpg,1
n_01577.jpg,1
n_01578.jpg,4
n_01579.jpg,4
n_01583.jpg,3
n_01585.jpg,2
n_01593.jpg,1
n_01594.jpg,1
n_01605.jpg,7
n_01606.jpg,0
n_01607.jpg,3
n_01611.jpg,4
n_01626.jpg,2
n_01630.jpg,0
n_01634.jpg,0
n_01636.jpg,0
n_01645.jpg,1
n_01655.jpg,0
n_01657.jpg,0
n_01658.jpg,0
n_01659.jpg,0
n_01661.jpg,1
n_01666.jpg,4
n_01667.jpg,1
n_01668.jpg,6
n_01678.jpg,1
n_01683.jpg,0
n_01685.jpg,0
n_01686.jpg,4
n_01688.jpg,0
n_01694.jpg,0
n_01699.jpg,1
n_01701.jpg,2
n_01703.jpg,0
n_01716.jpg,2
n_01717.jpg,4
n_01719.jpg,1
n_01725.jpg,4
n_01733.jpg,1
n_01734.jpg,4
n_01742.jpg,4
n_01744.jpg,0
n_01746.jpg,1
n_01748.jpg,1
n_01750.jpg,4
n_01752.jpg,0
n_01754.jpg,2
n_01755.jpg,0
n_01776.jpg,4
n_01779.jpg,0
n_01792.jpg,3
n_01795.jpg,0
n_01801.jpg,0
n_01814.jpg,0
n_01825.jpg,1
n_01830.jpg,1
n_01831.jpg,0
n_01864.jpg,2
n_01869.jpg,3
n_01885.jpg,1
n_01889.jpg,1
n_01891.jpg,4
n_01895.jpg,1
n_01901.jpg,7
n_01902.jpg,0
n_01905.jpg,0
n_01909.jpg,2
n_01910.jpg,4
n_01911.jpg,4
n_01918.jpg,2
n_01921.jpg,1
n_01925.jpg,6
n_01927.jpg,0
n_01940.jpg,0
n_01942.jpg,2
n_01944.jpg,1
n_01945.jpg,1
n_01948.jpg,4
n_01950.jpg,4
n_01961.jpg,1
n_01962.jpg,0
n_01963.jpg,0
n_01968.jpg,4
n_01970.jpg,4
n_01972.jpg,1
n_01976.jpg,1
n_01981.jpg,3
n_01982.jpg,1
n_01996.jpg,3
n_02001.jpg,4
n_02003.jpg,0
n_02008.jpg,1
n_02009.jpg,0
n_02029.jpg,3
n_02040.jpg,0
n_02058.jpg,2
n_02070.jpg,0
n_02074.jpg,1
n_02081.jpg,0
n_02092.jpg,4
n_02101.jpg,0
n_02104.jpg,4
n_02105.jpg,0
n_02115.jpg,0
n_02118.jpg,4
n_02120.jpg,2
n_02129.jpg,0
n_02132.jpg,4
n_02133.jpg,1
n_02136.jpg,0
n_02142.jpg,2
n_02144.jpg,4
n_02160.jpg,0
n_02163.jpg,3
n_02164.jpg,0
n_02168.jpg,0
n_02169.jpg,2
n_02174.jpg,1
n_02176.jpg,2
n_02178.jpg,0
n_02179.jpg,1
n_02181.jpg,3
n_02184.jpg,3
n_02191.jpg,4
n_02194.jpg,4
n_02213.jpg,1
n_02216.jpg,0
n_02219.jpg,1
n_02221.jpg,4
n_02224.jpg,2
n_02227.jpg,0
n_02232.jpg,4
n_02233.jpg,3
n_02238.jpg,4
n_02248.jpg,4
n_02269.jpg,0
n_02273.jpg,0
n_02284.jpg,2
n_02285.jpg,0
n_02290.jpg,1
n_02296.jpg,1
n_02298.jpg,4
n_02301.jpg,4
n_02308.jpg,0
n_02312.jpg,6
n_02315.jpg,0
n_02327.jpg,4
n_02328.jpg,4
n_02337.jpg,4
n_02338.jpg,1
n_02340.jpg,3
n_02343.jpg,1
n_02350.jpg,0
n_02352.jpg,2
n_02357.jpg,4
n_02368.jpg,0
n_02370.jpg,4
n_02379.jpg,0
n_02381.jpg,2
n_02394.jpg,0
n_02395.jpg,0
n_02396.jpg,0
n_02413.jpg,3
n_02421.jpg,1
n_02429.jpg,1
n_02434.jpg,4
n_02435.jpg,4
n_02439.jpg,0
n_02450.jpg,4
n_02452.jpg,1
n_02454.jpg,2
n_02457.jpg,2
n_02460.jpg,2
n_02461.jpg,1
n_02464.jpg,0
n_02469.jpg,0
n_02474.jpg,1
n_02478.jpg,4
n_02487.jpg,1
n_02494.jpg,1
n_02505.jpg,1
n_02507.jpg,1
n_02508.jpg,1
n_02514.jpg,0
n_02515.jpg,1
n_02522.jpg,0
n_02526.jpg,4
n_02536.jpg,3
n_02538.jpg,0
n_02543.jpg,0
n_02551.jpg,0
n_02560.jpg,4
n_02564.jpg,1
n_02567.jpg,0
n_02574.jpg,2
n_02579.jpg,1
n_02586.jpg,1
n_02587.jpg,7
n_02588.jpg,0
n_02598.jpg,0
n_02601.jpg,4
n_02609.jpg,0
n_02616.jpg,0
n_02645.jpg,0
n_02646.jpg,1
n_02648.jpg,3
n_02649.jpg,0
n_02650.jpg,4
n_02659.jpg,4
n_02660.jpg,2
n_02666.jpg,0
n_02672.jpg,1
n_02678.jpg,1
n_02684.jpg,1
n_02690.jpg,1
n_02699.jpg,1
n_02701.jpg,1
n_02703.jpg,4
n_02709.jpg,0
n_02713.jpg,1
n_02720.jpg,1
n_02722.jpg,1
n_02729.jpg,4
n_02730.jpg,1
n_02731.jpg,0
n_02745.jpg,3
n_02752.jpg,1
n_02754.jpg,4
n_02776.jpg,1
n_02777.jpg,3
n_02779.jpg,0
n_02790.jpg,4
n_02797.jpg,4
n_02798.jpg,0
n_02800.jpg,3
n_02807.jpg,4
n_02808.jpg,0
n_02813.jpg,2
n_02820.jpg,0
n_02822.jpg,1
n_02833.jpg,4
n_02839.jpg,1
n_02848.jpg,0
n_02860.jpg,3
n_02866.jpg,3
n_02867.jpg,3
n_02876.jpg,4
n_02886.jpg,1
n_02887.jpg,0
n_02898.jpg,3
n_02901.jpg,1
n_02902.jpg,0
n_02907.jpg,0
n_02912.jpg,4
n_02913.jpg,0
n_02916.jpg,4
n_02927.jpg,0
n_02930.jpg,0
n_02931.jpg,3
n_02932.jpg,7
n_02948.jpg,3
n_02949.jpg,2
n_02955.jpg,4
n_02959.jpg,4
n_02965.jpg,0
n_02968.jpg,1
n_02969.jpg,1
n_02971.jpg,1
n_02976.jpg,1
n_02978.jpg,3
n_02980.jpg,4
n_02981.jpg,4
n_02992.jpg,0
n_02995.jpg,3
n_02998.jpg,0
n_03000.jpg,1
n_03002.jpg,1
n_03005.jpg,1
n_03007.jpg,0
n_03022.jpg,4
n_03023.jpg,0
n_03028.jpg,0
n_03037.jpg,1
n_03045.jpg,3
n_03047.jpg,1
n_03052.jpg,0
n_03064.jpg,4
n_03066.jpg,4
n_03074.jpg,4
n_03075.jpg,2
n_03077.jpg,0
n_03080.jpg,0
n_03083.jpg,0
n_03097.jpg,1
n_03099.jpg,1
n_03109.jpg,1
n_03110.jpg,1
n_03112.jpg,1
n_03114.jpg,2
n_03122.jpg,0
n_03128.jpg,0
n_03131.jpg,0
n_03140.jpg,0
n_03143.jpg,0
n_03147.jpg,0
n_03152.jpg,4
n_03163.jpg,4
n_03180.jpg,0
n_03181.jpg,4
n_03182.jpg,2
n_03184.jpg,0
n_03188.jpg,4
n_03189.jpg,1
n_03191.jpg,0
n_03192.jpg,1
n_03193.jpg,4
n_03198.jpg,0
n_03199.jpg,7
n_03204.jpg,0
n_03213.jpg,0
n_03214.jpg,1
n_03221.jpg,1
n_03222.jpg,0
n_03233.jpg,7
n_03237.jpg,7
n_03239.jpg,4
n_03244.jpg,0
n_03261.jpg,4
n_03267.jpg,4
n_03272.jpg,1
n_03279.jpg,0
n_03280.jpg,0
n_03285.jpg,4
n_03290.jpg,4
n_03297.jpg,3
n_03299.jpg,4
n_03316.jpg,2
n_03318.jpg,1
n_03338.jpg,1
n_03344.jpg,4
n_03352.jpg,4
n_03359.jpg,0
n_03363.jpg,4
n_03364.jpg,0
n_03368.jpg,1
n_03371.jpg,1
n_03372.jpg,1
n_03373.jpg,0
n_03376.jpg,0
n_03388.jpg,4
n_03392.jpg,0
n_03394.jpg,1
n_03395.jpg,4
n_03396.jpg,0
n_03402.jpg,0
n_03403.jpg,2
n_03408.jpg,4
n_03410.jpg,1
n_03413.jpg,1
n_03414.jpg,2
n_03419.jpg,0
n_03423.jpg,3
n_03424.jpg,2
n_03443.jpg,0
n_03446.jpg,0
n_03448.jpg,4
n_03465.jpg,1
n_03475.jpg,4
n_03477.jpg,1
n_03480.jpg,1
n_03486.jpg,1
n_03487.jpg,4
n_03490.jpg,2
n_03500.jpg,0
n_03505.jpg,1
n_03508.jpg,1
n_03509.jpg,4
n_03521.jpg,2
n_03524.jpg,0
n_03526.jpg,4
n_03527.jpg,4
n_03535.jpg,3
n_03540.jpg,0
n_03544.jpg,1
n_03554.jpg,1
n_03557.jpg,4
n_03560.jpg,3
n_03565.jpg,1
n_03567.jpg,4
n_03569.jpg,4
n_03573.jpg,1
n_03584.jpg,0
n_03591.jpg,0
n_03592.jpg,2
n_03597.jpg,0
n_03599.jpg,0
n_03605.jpg,4
n_03608.jpg,4
n_03614.jpg,4
n_03616.jpg,1
n_03618.jpg,0
n_03624.jpg,1
n_03626.jpg,4
n_03633.jpg,2
n_03656.jpg,1
n_03674.jpg,4
n_03677.jpg,2
n_03678.jpg,1
n_03680.jpg,0
n_03681.jpg,3
n_03683.jpg,4
n_03697.jpg,1
n_03698.jpg,0
n_03703.jpg,0
n_03711.jpg,4
n_03714.jpg,2
n_03716.jpg,0
n_03723.jpg,1
n_03733.jpg,1
n_03736.jpg,2
n_03738.jpg,0
n_03749.jpg,0
n_03752.jpg,3
n_03755.jpg,1
n_03756.jpg,2
n_03758.jpg,0
n_03759.jpg,0
n_03765.jpg,1
n_03771.jpg,7
n_03774.jpg,0
n_03777.jpg,1
n_03779.jpg,1
n_03781.jpg,0
n_03782.jpg,1
n_03790.jpg,2
n_03793.jpg,1
n_03797.jpg,0
n_03805.jpg,4
n_03812.jpg,4
n_03814.jpg,0
n_03816.jpg,1
n_03826.jpg,0
n_03827.jpg,3
n_03831.jpg,4
n_03832.jpg,1
n_03834.jpg,1
n_03835.jpg,1
n_03842.jpg,1
n_03843.jpg,1
n_03846.jpg,0
n_03847.jpg,0
n_03848.jpg,0
n_03853.jpg,0
n_03854.jpg,3
n_03862.jpg,4
n_03869.jpg,6
n_03872.jpg,1
n_03874.jpg,1
n_03886.jpg,1
n_03891.jpg,1
n_03897.jpg,0
n_03899.jpg,4
n_03905.jpg,4
n_03906.jpg,1
n_03912.jpg,1
n_03918.jpg,4
n_03921.jpg,1
n_03923.jpg,3
n_03924.jpg,4
n_03933.jpg,4
n_03937.jpg,2
n_03938.jpg,0
n_03940.jpg,4
n_03943.jpg,3
n_03945.jpg,1
n_03952.jpg,0
n_03954.jpg,1
n_03955.jpg,4
n_03956.jpg,0
n_03959.jpg,4
n_03962.jpg,2
n_03969.jpg,1
n_03971.jpg,1
n_03974.jpg,1
n_03975.jpg,4
n_03982.jpg,1
n_03984.jpg,2
n_03985.jpg,3
n_03986.jpg,1
n_03990.jpg,1
n_03997.jpg,1
n_04004.jpg,2
n_04008.jpg,1
n_04010.jpg,0
n_04015.jpg,1
n_04023.jpg,4
n_04027.jpg,1
n_04039.jpg,1
n_04040.jpg,1
n_04048.jpg,4
n_04051.jpg,4
n_04052.jpg,0
n_04053.jpg,0
n_04061.jpg,1
n_04067.jpg,4
n_04071.jpg,4
n_04073.jpg,1
n_04082.jpg,1
n_04085.jpg,0
n_04088.jpg,1
n_04094.jpg,4
n_04099.jpg,3
n_04116.jpg,1
n_04133.jpg,0
n_04135.jpg,3
n_04137.jpg,1
n_04140.jpg,1
n_04143.jpg,0
n_04162.jpg,1
n_04163.jpg,1
n_04164.jpg,1
n_04171.jpg,1
n_04172.jpg,0
n_04173.jpg,0
n_04181.jpg,1
n_04190.jpg,1
n_04193.jpg,3
n_04201.jpg,1
n_04203.jpg,0
n_04204.jpg,1
n_04207.jpg,0
n_04210.jpg,0
n_04213.jpg,1
n_04217.jpg,4
n_04222.jpg,6
n_04224.jpg,4
n_04225.jpg,2
n_04228.jpg,1
n_04230.jpg,0
n_04234.jpg,0
n_04236.jpg,2
n_04253.jpg,0
n_04258.jpg,4
n_04264.jpg,1
n_04270.jpg,1
n_04271.jpg,1
n_04272.jpg,0
n_04281.jpg,1
n_04282.jpg,0
n_04283.jpg,0
n_04284.jpg,0
n_04286.jpg,4
n_04288.jpg,4
n_04290.jpg,1
n_04294.jpg,2
n_04297.jpg,2
n_04299.jpg,1
n_04308.jpg,1
n_04311.jpg,4
n_04312.jpg,1
n_04315.jpg,1
n_04323.jpg,1
n_04329.jpg,1
n_04330.jpg,1
n_04332.jpg,0
n_04336.jpg,0
n_04338.jpg,0
n_04348.jpg,1
n_04349.jpg,0
n_04364.jpg,2
n_04365.jpg,3
n_04366.jpg,1
n_04368.jpg,4
n_04370.jpg,0
n_04372.jpg,0
n_04379.jpg,4
n_04384.jpg,0
n_04386.jpg,0
n_04388.jpg,0
n_04397.jpg,0
n_04400.jpg,1
n_04401.jpg,1
n_04403.jpg,4
n_04404.jpg,4
n_04406.jpg,1
n_04407.jpg,3
n_04411.jpg,4
n_04413.jpg,4
n_04416.jpg,0
n_04427.jpg,0
n_04433.jpg,4
n_04439.jpg,4
n_04445.jpg,3
n_04452.jpg,1
n_04453.jpg,0
n_04455.jpg,4
n_04456.jpg,1
n_04459.jpg,1
n_04470.jpg,1
n_04473.jpg,0
n_04474.jpg,0
n_04476.jpg,1
n_04487.jpg,4
n_04495.jpg,2
n_04498.jpg,0
n_04504.jpg,4
n_04505.jpg,2
n_04506.jpg,1
n_04507.jpg,1
n_04515.jpg,1
n_04516.jpg,0
n_04517.jpg,4
n_04521.jpg,2
n_04522.jpg,2
n_04533.jpg,4
n_04534.jpg,0
n_04540.jpg,1
n_04541.jpg,4
n_04543.jpg,3
n_04555.jpg,0
n_04564.jpg,0
n_04569.jpg,2
n_04584.jpg,2
n_04587.jpg,6
n_04596.jpg,0
n_04599.jpg,3
n_04601.jpg,2
n_04606.jpg,1
n_04611.jpg,1
n_04633.jpg,1
n_04638.jpg,1
n_04649.jpg,1
n_04664.jpg,1
n_04669.jpg,3
n_04676.jpg,0
n_04680.jpg,0
n_04682.jpg,0
n_04685.jpg,0
n_04686.jpg,1
n_04687.jpg,4
n_04690.jpg,0
n_04692.jpg,4
n_04693.jpg,1
n_04704.jpg,4
n_04708.jpg,4
n_04709.jpg,1
n_04710.jpg,0
n_04724.jpg,1
n_04741.jpg,0
n_04743.jpg,2
n_04748.jpg,4
n_04766.jpg,1
n_04772.jpg,1
n_04773.jpg,4
n_04774.jpg,2
n_04777.jpg,0
n_04782.jpg,0
n_04785.jpg,1
n_04787.jpg,1
n_04789.jpg,3
n_04806.jpg,3
n_04807.jpg,1
n_04811.jpg,1
n_04812.jpg,7
n_04822.jpg,0
n_04836.jpg,0
n_04849.jpg,0
n_04852.jpg,4
n_04854.jpg,4
n_04865.jpg,4
n_04874.jpg,0
n_04875.jpg,7
n_04876.jpg,4
n_04880.jpg,0
n_04884.jpg,4
n_04887.jpg,2
n_04888.jpg,1
n_04903.jpg,1
n_04907.jpg,4
n_04911.jpg,2
n_04920.jpg,0
n_04921.jpg,1
n_04923.jpg,1
n_04926.jpg,0
n_04927.jpg,6
n_04928.jpg,0
n_04929.jpg,0
n_04933.jpg,4
n_04944.jpg,1
n_04960.jpg,0
n_04963.jpg,1
n_04968.jpg,1
n_04980.jpg,1
n_04983.jpg,1
n_04994.jpg,4
n_04999.jpg,1
n_05013.jpg,4
n_05015.jpg,4
n_05021.jpg,0
n_05023.jpg,0
n_05024.jpg,3
n_05025.jpg,3
n_05028.jpg,3
n_05030.jpg,4
n_05035.jpg,2
n_05037.jpg,0
n_05038.jpg,0
n_05041.jpg,0
n_05048.jpg,1
n_05051.jpg,0
n_05052.jpg,3
n_05053.jpg,1
n_05056.jpg,1
n_05065.jpg,1
n_05068.jpg,1
n_05071.jpg,3
n_05080.jpg,4
n_05087.jpg,4
n_05088.jpg,1
n_05091.jpg,0
n_05092.jpg,1
n_05093.jpg,3
n_05103.jpg,1
n_05109.jpg,3
n_05111.jpg,0
n_05124.jpg,1
n_05125.jpg,3
n_05129.jpg,0
n_05140.jpg,1
n_05144.jpg,4
n_05152.jpg,4
n_05159.jpg,1
n_05163.jpg,0
n_05173.jpg,4
n_05181.jpg,2
n_05182.jpg,0
n_05200.jpg,7
n_05202.jpg,4
n_05209.jpg,1
n_05213.jpg,2
n_05215.jpg,3
n_05219.jpg,0
n_05221.jpg,1
n_05226.jpg,2
n_05229.jpg,4
n_05230.jpg,0
n_05236.jpg,1
n_05238.jpg,3
n_05249.jpg,1
n_05250.jpg,2
n_05258.jpg,0
n_05263.jpg,0
n_05267.jpg,0
n_05269.jpg,3
n_05278.jpg,1
n_05285.jpg,2
n_05286.jpg,0
n_05290.jpg,1
